{
  "definitions": {
    "Collection": {
      "type": "object",
      "properties": {
        "totalResults": {
          "type": "integer"
        },
        "entry": {
          "type": "array",
          "items": {
            "$generic": "T"
          }
        }
      }
    },
    "Todo_Collection": {
      "$ref": "Collection",
      "$template": {
        "T": "Todo"
      }
    },
    "Todo": {
      "type": "object",
      "properties": {
        "title": {
          "type": "string"
        }
      }
    },
    "Todo_Create": {
      "$extends": "Todo",
      "required": ["title"]
    },
    "Message": {
      "type": "object",
      "properties": {
        "success": {
          "type": "boolean"
        },
        "message": {
          "type": "string"
        }
      }
    }
  }
}